{
  "folds": {
    "1": {
      "DeiT": 0.9838403041825095,
      "ViT": 0.9800380228136882,
      "Swin": 0.9885931558935361,
      "Ensemble": 0.9885931558935361,
      "weights": [
        0.33322601416613007,
        0.33193818415969095,
        0.33483580167417903
      ]
    },
    "2": {
      "DeiT": 0.9895437262357415,
      "ViT": 0.9866920152091255,
      "Swin": 0.9847908745247148,
      "Ensemble": 0.9914448669201521,
      "weights": [
        0.33418940609951847,
        0.3332263242375602,
        0.3325842696629213
      ]
    },
    "3": {
      "DeiT": 0.9857414448669202,
      "ViT": 0.9914448669201521,
      "Swin": 0.9876425855513308,
      "Ensemble": 0.9942965779467681,
      "weights": [
        0.3324783584482206,
        0.3344020519397243,
        0.3331195896120552
      ]
    },
    "4": {
      "DeiT": 0.9866793529971456,
      "ViT": 0.9771646051379639,
      "Swin": 0.9657469077069457,
      "Ensemble": 0.9895337773549001,
      "weights": [
        0.3367976615784346,
        0.3335498538486522,
        0.3296524845729133
      ]
    },
    "5": {
      "DeiT": 0.9876308277830638,
      "ViT": 0.9800190294957184,
      "Swin": 0.9857278782112274,
      "Ensemble": 0.9933396764985728,
      "weights": [
        0.3344072164948454,
        0.33182989690721654,
        0.3337628865979382
      ]
    },
    "6": {
      "DeiT": 0.9800190294957184,
      "ViT": 0.9819219790675547,
      "Swin": 0.9838249286393911,
      "Ensemble": 0.9857278782112274,
      "weights": [
        0.332687338501292,
        0.33333333333333337,
        0.3339793281653747
      ]
    },
    "7": {
      "DeiT": 0.9876308277830638,
      "ViT": 0.9828734538534729,
      "Swin": 0.9838249286393911,
      "Ensemble": 0.9895337773549001,
      "weights": [
        0.3342995169082126,
        0.3326892109500805,
        0.33301127214170695
      ]
    },
    "8": {
      "DeiT": 0.9876308277830638,
      "ViT": 0.9705042816365367,
      "Swin": 0.9857278782112274,
      "Ensemble": 0.9885823025689819,
      "weights": [
        0.3354880413703943,
        0.32967032967032966,
        0.334841628959276
      ]
    },
    "9": {
      "DeiT": 0.9876308277830638,
      "ViT": 0.9790675547098002,
      "Swin": 0.9914367269267365,
      "Ensemble": 0.9895337773549001,
      "weights": [
        0.33386941138629783,
        0.3309745899002895,
        0.3351559987134127
      ]
    },
    "10": {
      "DeiT": 0.9847764034253093,
      "ViT": 0.9838249286393911,
      "Swin": 0.9876308277830638,
      "Ensemble": 0.9923882017126546,
      "weights": [
        0.3331187640811072,
        0.33279691020276797,
        0.3340843257161249
      ]
    }
  }
}